t1,t2,mse_1,mse_2_A,mse_2_B
matte amethyst,dark paint,"32.233253717422485, 23.884300708770752, 18.16993260383606, 17.85722851753235, 23.34419274330139, 34.41965103149414, 48.78308057785034, 55.70194053649902, 56.76410531997681, 54.90703725814819","32.233253717422485, 45.48105478286743, 54.4764838218689, 54.1945595741272, 59.57006525993347, 64.07987523078918, 61.744073152542114, 53.84386920928955, 56.314011335372925, 63.41597628593445","57.71835231781006, 57.603904485702515, 58.881542444229126, 59.34817385673523, 60.762142181396484, 60.353299617767334, 61.33704233169556, 60.983200788497925, 60.80050992965698, 54.90703725814819"
polished bamboo,blurry malachite,"35.25940656661987, 37.92990803718567, 36.36697554588318, 32.880797147750854, 28.64053201675415, 25.45772099494934, 25.682053089141846, 28.985427141189575, 32.45118832588196, 36.24072074890137","35.25940656661987, 37.42164468765259, 39.845542669296265, 43.04512286186218, 49.90580677986145, 53.779364347457886, 53.55852222442627, 53.62840151786804, 55.06882905960083, 55.13359785079956","54.02131986618042, 53.78251838684082, 52.183727979660034, 48.408517599105835, 50.21203112602234, 42.60195469856262, 37.04644584655762, 35.040810346603394, 32.00933885574341, 36.24072074890137"
cloudy sandpaper,coarse emerald,"54.3421413898468, 49.80472803115845, 19.27348780632019, 11.09372878074646, 32.614177227020264, 62.29831004142761, 64.64716911315918, 54.48723125457764, 63.75893306732178, 60.30271077156067","54.3421413898468, 55.70488882064819, 54.31388735771179, 54.31046533584595, 50.17622756958008, 51.49851632118225, 54.12765574455261, 55.770402908325195, 51.96122765541077, 51.55630016326904","55.29615259170532, 53.3732635974884, 51.86208629608154, 54.09674286842346, 57.19953370094299, 56.3621563911438, 52.741297245025635, 51.316394567489624, 53.255725383758545, 60.30271077156067"
polished terracotta,metallic brass,"40.33205485343933, 38.240431785583496, 37.382946252822876, 36.300764083862305, 32.25951838493347, 23.75773334503174, 53.33300232887268, 60.338714599609375, 57.85791873931885, 62.41227340698242","40.33205485343933, 40.09598088264465, 40.32194757461548, 40.731446504592896, 41.39712691307068, 42.32578802108765, 43.40894865989685, 45.00011396408081, 46.982495069503784, 49.08342099189758","60.381972312927246, 60.161240100860596, 59.29328179359436, 59.29453372955322, 61.27317953109741, 62.552814245224, 61.98188638687134, 60.912445306777954, 62.357977867126465, 62.41227340698242"
light emerald,dull paint,"61.12623977661133, 63.00935125350952, 60.83916234970093, 63.392871141433716, 63.41621470451355, 57.49931883811951, 51.17521643638611, 59.54186964035034, 60.874255895614624, 65.41423296928406","61.12623977661133, 64.72064542770386, 62.5361807346344, 59.30469560623169, 62.50214171409607, 65.29871392250061, 62.99992060661316, 55.715826749801636, 49.16561579704285, 46.674447774887085","56.26653718948364, 36.86776256561279, 57.76168179512024, 59.8408842086792, 62.50736737251282, 61.048070192337036, 57.56835627555847, 63.1874840259552, 64.31479525566101, 65.41423296928406"
blurry malachite,glossy silicon,"56.07525968551636, 56.328566789627075, 55.09162950515747, 53.58622598648071, 54.14488196372986, 55.36107802391052, 54.799371004104614, 52.33785128593445, 49.78956460952759, 48.082170486450195","56.07525968551636, 56.36172699928284, 55.75635480880737, 54.30489683151245, 53.95430040359497, 51.90292501449585, 49.15744614601135, 46.59807372093201, 42.84641361236572, 42.653125286102295","56.82560634613037, 57.47844576835632, 57.63591814041138, 57.85445547103882, 56.67726421356201, 57.32679843902588, 53.87312340736389, 47.349250078201294, 43.17363357543945, 48.082170486450195"
smooth terracotta,glossy ruby,"47.5808584690094, 47.36324739456177, 42.48164987564087, 37.20967721939087, 39.03949761390686, 44.63665294647217, 49.592329263687134, 54.38815522193909, 56.13861584663391, 56.24804067611694","47.5808584690094, 46.518322467803955, 42.711450815200806, 41.6463258266449, 43.38127660751343, 46.028234243392944, 48.941619634628296, 52.56152963638306, 54.14418148994446, 53.606467723846436","53.181830167770386, 51.94744300842285, 51.026381731033325, 50.18251967430115, 50.747690200805664, 51.07452178001404, 51.406378507614136, 51.31473684310913, 51.306411027908325, 56.24804067611694"
reflective sandstone,dark sandstone,"27.084107398986816, 27.301005840301514, 29.50235152244568, 31.939521074295044, 34.22872805595398, 35.925777435302734, 36.80835294723511, 36.97853636741638, 36.20000743865967, 34.65913701057434","27.084107398986816, 11.75905990600586, 31.983429670333862, 46.30325365066528, 55.86617159843445, 59.31558680534363, 61.07011079788208, 58.36336302757263, 60.78508925437927, 61.19982409477234","58.063005447387695, 59.24411630630493, 60.64359974861145, 60.50636339187622, 59.54803395271301, 62.121837854385376, 60.463857650756836, 60.12776732444763, 54.155614137649536, 34.65913701057434"
smooth paint,slick marble,"53.239766359329224, 51.95351982116699, 47.90472936630249, 35.9519624710083, 5.208162307739258, 36.22503137588501, 53.38522243499756, 56.805612564086914, 60.02842307090759, 60.3302059173584","53.239766359329224, 63.79195833206177, 61.253660678863525, 60.28470516204834, 50.744253635406494, 53.99427390098572, 56.63429403305054, 58.159722328186035, 58.497905015945435, 56.8399875164032","61.49466514587402, 62.09461236000061, 61.62969374656677, 62.05624604225159, 61.4966824054718, 59.57592821121216, 59.703208208084106, 45.49593949317932, 57.13770866394043, 60.3302059173584"
dark silicon,slick marble,"57.83036184310913, 57.079306840896606, 56.17103910446167, 43.97535943984985, 33.254526138305664, 51.18690013885498, 57.18055725097656, 60.58534216880798, 62.495497941970825, 56.036489486694336","57.83036184310913, 57.79873967170715, 57.731306314468384, 57.72396206855774, 57.98580193519592, 58.27307105064392, 58.00805711746216, 57.99191975593567, 58.917821168899536, 58.464277267456055","55.46641778945923, 57.77785277366638, 58.50132203102112, 59.1831157207489, 57.39163327217102, 56.234870195388794, 56.87952136993408, 56.71869492530823, 55.598644495010376, 56.036489486694336"
dark sandstone,light marble,"60.6495201587677, 60.79051446914673, 60.81327152252197, 30.801788806915283, 33.8703773021698, 47.87712740898132, 51.952932596206665, 55.55198669433594, 57.938308238983154, 57.3115017414093","60.6495201587677, 61.78487849235535, 60.030946254730225, 61.21406078338623, 60.79782819747925, 58.4612238407135, 57.42765259742737, 56.06476092338562, 52.592878580093384, 51.41779828071594","58.30286002159119, 56.78465533256531, 59.81688833236694, 59.366586208343506, 58.097848892211914, 56.62660098075867, 54.57533812522888, 54.23665690422058, 56.321996450424194, 57.3115017414093"
smooth paint,dark sandstone,"38.47100567817688, 55.63032507896423, 58.72554564476013, 59.54275298118591, 61.13059425354004, 57.961993932724, 56.04397797584534, 57.41875720024109, 55.97773790359497, 53.01444935798645","38.47100567817688, 56.58464813232422, 59.74563384056091, 62.790719985961914, 62.10917353630066, 56.80929255485535, 58.0847806930542, 58.185925245285034, 55.571836709976196, 52.482455253601074","52.59619379043579, 45.65640997886658, 52.4716420173645, 56.17674279212952, 57.591951847076416, 56.82986307144165, 55.026445627212524, 57.1512713432312, 56.10348653793335, 53.01444935798645"
cloudy emerald,smooth paint,"33.243709325790405, 34.72922897338867, 36.50470447540283, 38.7561411857605, 40.20760893821716, 41.401384115219116, 43.48919153213501, 46.14267301559448, 49.209912061691284, 48.77684926986694","33.243709325790405, 29.90580439567566, 33.132652044296265, 34.56822490692139, 44.75598406791687, 47.96562671661377, 49.653294801712036, 40.61519241333008, 51.15311050415039, 43.79383563995361","50.873302698135376, 52.729772329330444, 52.75745701789856, 52.02256441116333, 54.288530588150024, 55.489110469818115, 55.4654004573822, 56.50612258911133, 59.11365032196045, 48.77684926986694"
dark marble,dull paint,"29.049569606781006, 25.629422187805176, 30.38030481338501, 38.3973822593689, 45.22617816925049, 51.48658347129822, 55.57701396942139, 55.782747745513916, 57.201011657714844, 58.885642766952515","29.049569606781006, 28.97214412689209, 44.60174512863159, 52.11176419258118, 56.300758838653564, 57.19973969459534, 55.28354215621948, 56.50721287727356, 59.397852420806885, 59.52334475517273","55.526713848114014, 51.311880588531494, 47.85824251174927, 49.10756993293762, 50.126973152160645, 50.56381344795227, 42.376121044158936, 30.53744387626648, 51.37837553024292, 58.885642766952515"
glossy silicon,dull paint,"59.224177837371826, 60.520591735839844, 61.147297859191895, 61.96962380409241, 62.31183195114136, 61.27484965324402, 59.25824308395386, 57.25186586380005, 58.71556568145752, 60.699878454208374","59.224177837371826, 58.87056875228882, 59.18188500404358, 58.468613386154175, 58.517998933792114, 57.93758845329285, 58.38265776634216, 58.167417764663696, 57.87226867675781, 57.19288158416748","55.97415089607239, 55.830079317092896, 55.04258346557617, 53.20590591430664, 50.478270530700684, 46.239991664886475, 51.49089002609253, 58.744304180145264, 61.01141428947449, 60.699878454208374"
metallic topaz,glossy emerald,"50.71165490150452, 48.13400745391846, 46.391589879989624, 43.554885387420654, 37.0637149810791, 28.908427953720093, 22.002257108688354, 23.01982593536377, 34.528674840927124, 40.9278290271759","50.71165490150452, 49.85717701911926, 49.64521670341492, 49.07339334487915, 44.782493352890015, 41.66201901435852, 43.681047201156616, 46.35448980331421, 47.94595980644226, 48.70030999183655","45.966989278793335, 43.268062353134155, 46.13151574134827, 47.05679702758789, 49.64752268791199, 48.31832242012024, 45.826775312423706, 47.80559825897217, 46.70165038108826, 40.9278290271759"
matte coal,dull paint,"60.609745502471924, 62.98488116264343, 63.86721062660217, 62.96640205383301, 60.18502402305603, 56.21023082733154, 55.597553968429565, 57.34072947502136, 59.36478853225708, 61.724427700042725","60.609745502471924, 58.98929309844971, 58.25803542137146, 59.060189962387085, 60.564719676971436, 61.00599431991577, 60.576109409332275, 60.669347524642944, 60.64002847671509, 61.42831110954285","57.89193940162659, 60.003480195999146, 52.30701398849487, 33.5552544593811, 24.08014178276062, 35.52036213874817, 60.366251707077026, 57.95539093017578, 60.93140959739685, 61.724427700042725"
smooth plastic,polished cobblestone,"27.131781578063965, 28.931309700012207, 31.273032903671265, 33.61557936668396, 35.42671585083008, 36.938567876815796, 38.4125440120697, 39.41363453865051, 40.098262310028076, 40.499324560165405","27.131781578063965, 42.96503949165344, 53.76384520530701, 55.43033266067505, 58.6071834564209, 60.3693368434906, 59.3871648311615, 53.25790023803711, 60.14517903327942, 61.9138081073761","54.85283660888672, 51.75297474861145, 51.52664923667908, 46.00632429122925, 42.10456609725952, 44.151792764663696, 44.97659754753113, 43.34046030044556, 43.81546902656555, 40.499324560165405"
dark paint,reflective brass,"24.438509702682495, 11.806704998016357, 4.007105112075806, 4.456700801849365, 20.379189014434814, 42.86691164970398, 48.096355676651, 51.54107427597046, 57.49628973007202, 56.21964192390442","24.438509702682495, 28.371114015579224, 56.10395312309265, 60.96841549873352, 60.429682970047, 62.09030747413635, 58.218605756759644, 59.61183762550354, 55.8382248878479, 51.33815860748291","53.826380252838135, 53.30937576293945, 52.93507385253906, 53.63844537734985, 49.08415603637695, 48.66039228439331, 53.30600547790527, 56.838088035583496, 57.17557740211487, 56.21964192390442"
dull paint,reflective sandpaper,"60.641921043395996, 60.96666932106018, 51.01258087158203, 65.06458067893982, 57.815855503082275, 58.71284508705139, 13.575796604156494, 43.94938063621521, 54.37962555885315, 57.35805559158325","60.641921043395996, 63.6284499168396, 60.448652267456055, 56.33729934692383, 61.79786014556885, 58.21460199356079, 51.1260130405426, 43.311081886291504, 46.703731298446655, 60.01015543937683","51.37010931968689, 40.88732409477234, 39.73586916923523, 43.03397727012634, 53.852219343185425, 57.751057863235474, 55.60625982284546, 46.17246603965759, 44.287211894989014, 57.35805559158325"
slick marble,glossy silicon,"30.90977430343628, 37.52559971809387, 47.34306597709656, 51.751641273498535, 55.007025718688965, 57.51854109764099, 55.91136837005615, 57.62978386878967, 57.95425891876221, 56.938034534454346","30.90977430343628, 47.57552790641785, 53.710553884506226, 57.12128758430481, 56.61172699928284, 58.465792655944824, 57.80609154701233, 57.89969301223755, 57.54841232299805, 56.04020833969116","62.270899295806885, 40.35057616233826, 24.794450044631958, 34.21716666221619, 50.14679455757141, 54.27817916870117, 56.8957884311676, 57.56270170211792, 57.49819326400757, 56.938034534454346"
blurry rubber,dull paint,"56.70370388031006, 57.551374197006226, 59.02198266983032, 59.18268609046936, 59.027859687805176, 61.58443808555603, 65.71629190444946, 67.51214456558228, 62.057432889938354, 60.23210382461548","56.70370388031006, 58.83614706993103, 58.14842915534973, 58.22875189781189, 59.636457204818726, 58.480769634246826, 56.73198699951172, 53.873255491256714, 53.41507148742676, 54.049537658691406","60.38682842254639, 55.1143581867218, 63.239617109298706, 59.02805018424988, 54.75769639015198, 47.19446086883545, 63.63585615158081, 63.157228231430054, 65.79432821273804, 60.23210382461548"
blurry malachite,matte sandstone,"57.40651488304138, 57.66408038139343, 57.027819871902466, 56.24311327934265, 56.575186014175415, 58.37229776382446, 60.1444787979126, 59.57005786895752, 60.227527379989624, 61.2453670501709","57.40651488304138, 57.51092052459717, 56.67675542831421, 49.14453959465027, 54.26464128494263, 57.682888984680176, 58.10208177566528, 59.660529375076294, 59.17994523048401, 58.077821493148804","53.12121915817261, 51.661144971847534, 56.52703261375427, 57.21695613861084, 56.51827692985535, 57.13011622428894, 57.03586506843567, 55.59073257446289, 59.58902645111084, 61.2453670501709"
smooth sandstone,slick marble,"53.41922998428345, 52.107078552246094, 52.695860385894775, 54.489617109298706, 55.91135096549988, 55.831950187683105, 55.648483991622925, 56.55342721939087, 56.614811182022095, 46.32437324523926","53.41922998428345, 55.13891887664795, 57.17240357398987, 53.42891454696655, 57.09862518310547, 56.66518592834473, 54.80021071434021, 50.04291009902954, 53.084304332733154, 56.169111251831055","53.30817270278931, 51.612765312194824, 51.19178032875061, 49.38503551483154, 46.53787708282471, 49.764795780181885, 59.394476652145386, 57.53432750701904, 59.224355697631836, 46.32437324523926"
dull paint,dark sandstone,"37.5760452747345, 32.315210580825806, 25.831235647201538, 19.274355173110962, 13.719646453857422, 9.887511730194092, 8.380347490310669, 9.367711782455444, 12.517522811889648, 16.48153328895569","37.5760452747345, 53.3450129032135, 55.239712715148926, 62.94909381866455, 61.988258361816406, 54.31793022155762, 56.78404760360718, 62.12263631820679, 61.844085454940796, 59.691224813461304","60.508660554885864, 61.58049511909485, 60.47017574310303, 57.924171447753906, 56.04438304901123, 61.68798875808716, 63.92565631866455, 55.589515209198, 41.74646592140198, 16.48153328895569"
dark sandstone,polished magnesium,"57.80695819854736, 61.254576206207275, 53.087568283081055, 35.09077429771423, 23.249499320983887, 39.12567472457886, 51.82012677192688, 54.55884671211243, 54.557900190353394, 53.457218170166016","57.80695819854736, 57.87876915931702, 58.715394735336304, 59.12007784843445, 59.492514848709106, 59.662339210510254, 59.84517049789429, 60.29991626739502, 60.012826442718506, 60.037330627441406","47.65771722793579, 46.55226445198059, 45.82276654243469, 45.07375407218933, 44.828251123428345, 45.206329345703125, 46.25515556335449, 48.661099433898926, 49.93171310424805, 53.457218170166016"
dull paint,smooth paint,"43.9811589717865, 47.999871253967285, 47.571582555770874, 28.418200731277466, 4.326242208480835, 8.38825798034668, 41.489750385284424, 56.99279046058655, 55.35725522041321, 47.148786306381226","43.9811589717865, 56.99334645271301, 61.67828130722046, 60.04390239715576, 56.82249450683594, 56.60033869743347, 59.5916063785553, 58.48401093482971, 57.64038133621216, 52.10364317893982","55.68597197532654, 60.113691091537476, 60.496222496032715, 63.649017333984375, 57.86710166931152, 50.33115553855896, 53.539084672927856, 56.8901002407074, 56.046103954315186, 47.148786306381226"
coarse emerald,smooth silicon,"56.18831992149353, 55.74133062362671, 55.395384073257446, 56.254170417785645, 57.259358406066895, 57.117483377456665, 57.18588829040527, 56.48408269882202, 54.93311643600464, 53.16886591911316","56.18831992149353, 56.7823052406311, 56.83716440200806, 56.83610820770264, 56.83247971534729, 56.280029296875, 55.49193978309631, 55.28425669670105, 55.69898533821106, 56.05661916732788","55.02599048614502, 55.661304235458374, 51.64111304283142, 48.09085249900818, 46.85346078872681, 47.25138783454895, 48.7234992980957, 50.674184799194336, 52.419283866882324, 53.16886591911316"
dull paint,glossy garnet,"12.049055099487305, 38.35426664352417, 65.92431330680847, 63.24372982978821, 56.17394161224365, 60.652738094329834, 61.25017261505127, 61.45215153694153, 61.087498903274536, 56.14119267463684","12.049055099487305, 52.81023812294006, 58.49750018119812, 60.90869760513306, 59.99926137924194, 59.29192924499512, 56.69715762138367, 57.328086137771606, 52.22250485420227, 56.651532888412476","46.063634395599365, 46.748777627944946, 51.249751329422, 53.53966760635376, 54.798320293426514, 54.20246410369873, 53.39419913291931, 47.71334099769592, 48.08070492744446, 56.14119267463684"
dark paint,smooth sandstone,"41.706013917922974, 39.254220962524414, 30.130632162094116, 22.105401277542114, 20.79802918434143, 25.176848888397217, 32.34788489341736, 37.003384828567505, 41.07610058784485, 44.37332248687744","41.706013917922974, 59.183589935302734, 60.28096890449524, 60.01745390892029, 59.11440920829773, 59.68579983711243, 58.10642457008362, 59.682427167892456, 49.93859028816223, 44.611849784851074","49.87562108039856, 58.71620512008667, 60.88080668449402, 60.6477587223053, 57.16012692451477, 56.262489557266235, 54.82946848869324, 48.98701024055481, 42.05812048912048, 44.37332248687744"
smooth paint,slick marble,"44.95026254653931, 31.56049108505249, 18.186758279800415, 24.88780426979065, 42.10873770713806, 45.68302941322327, 48.01338005065918, 50.484172344207764, 53.23752546310425, 55.88119077682495","44.95026254653931, 45.067421674728394, 39.32521915435791, 38.92968988418579, 48.69401431083679, 52.29512619972229, 52.824225187301636, 53.82051658630371, 55.99308466911316, 57.85314440727234","46.774046659469604, 49.71846294403076, 49.05264449119568, 46.41439414024353, 45.95560359954834, 48.022000312805176, 50.166677474975586, 52.379656076431274, 54.123268127441406, 55.88119077682495"
dull paint,smooth paint,"42.98245716094971, 39.296128034591675, 18.25876235961914, 7.274778604507446, 19.000327110290527, 51.63537287712097, 55.678231954574585, 59.33950185775757, 59.93487334251404, 59.07300090789795","42.98245716094971, 42.82975649833679, 31.09644365310669, 30.6674587726593, 39.77383542060852, 40.95658874511719, 46.17863750457764, 47.54687213897705, 47.937511682510376, 54.1236252784729","47.95670175552368, 44.74530339241028, 41.11915874481201, 39.05544447898865, 42.480958700180054, 50.700541496276855, 54.99531936645508, 59.113680839538574, 59.249937295913696, 59.07300090789795"
glossy emerald,smooth silicon,"47.1329140663147, 53.30090284347534, 54.88961625099182, 54.998943567276, 50.559911012649536, 33.43574094772339, 26.01342272758484, 38.97479701042175, 48.62883019447327, 60.98921036720276","47.1329140663147, 55.90364408493042, 58.83849024772644, 58.24785137176514, 58.12486004829407, 58.152629375457764, 59.04532051086426, 59.0852415561676, 59.12695837020874, 59.15456700325012","57.39415168762207, 58.33318758010864, 61.797712087631226, 61.79956531524658, 63.15350651741028, 61.39291477203369, 57.051820278167725, 57.91117787361145, 59.831809997558594, 60.98921036720276"
slick marble,dark asphalt,"57.8553991317749, 57.25911498069763, 60.976470708847046, 64.9198808670044, 60.21452808380127, 35.680853605270386, 5.772302865982056, 12.662159442901611, 44.2269070148468, 39.833383560180664","57.8553991317749, 62.82732629776001, 66.32327914237976, 55.14849090576172, 58.26081395149231, 60.806570291519165, 54.85142803192139, 52.62852764129639, 51.925597190856934, 51.23968839645386","56.09816122055054, 56.45511054992676, 55.91781497001648, 55.476256370544434, 58.746013879776, 60.576085805892944, 60.06265640258789, 60.32301568984985, 57.340081214904785, 39.833383560180664"
smooth paint,slick marble,"35.75452756881714, 47.14315962791443, 60.92492938041687, 58.65257430076599, 59.03959608078003, 57.809067249298096, 54.71073913574219, 51.45845937728882, 46.91617703437805, 43.571853160858154","35.75452756881714, 40.96146106719971, 56.80969500541687, 61.65272617340088, 58.913262128829956, 60.60248374938965, 55.63020849227905, 59.09661889076233, 57.77222657203674, 53.02686882019043","37.31677865982056, 51.23091650009155, 58.663004636764526, 54.625407695770264, 44.729522943496704, 49.889719009399414, 54.96060037612915, 56.68152689933777, 57.03402352333069, 43.571853160858154"
polished plastic,smooth paint,"40.009037256240845, 36.54094433784485, 33.72886848449707, 29.857908248901367, 30.782675743103027, 34.180726051330566, 37.17094683647156, 35.95934987068176, 35.79896306991577, 35.472877740859985","40.009037256240845, 37.3408989906311, 37.95136857032776, 36.66693472862244, 34.76476001739502, 35.32353448867798, 37.850024461746216, 41.614901542663574, 45.99629044532776, 50.16970205307007","40.37047004699707, 35.495208978652954, 29.332736492156982, 25.135986804962158, 23.385194063186646, 25.058995485305786, 30.343207836151123, 29.756940603256226, 32.975926876068115, 35.472877740859985"
dark paint,slick marble,"58.63831639289856, 59.053927183151245, 59.613367319107056, 59.98878479003906, 61.5746283531189, 62.540581464767456, 60.69429922103882, 46.727380990982056, 49.71189594268799, 51.48095345497131","58.63831639289856, 59.75355577468872, 60.40357303619385, 60.31419897079468, 59.011746644973755, 58.05784845352173, 56.656821727752686, 56.85260057449341, 55.33239960670471, 54.43471050262451","49.66470003128052, 49.43905568122864, 49.018885374069214, 49.43260216712952, 48.20403528213501, 47.314122438430786, 47.45369219779968, 49.032044649124146, 51.253257274627686, 51.48095345497131"
smooth sandstone,smooth plastic,"40.55292272567749, 48.65599751472473, 50.63381361961365, 50.76598048210144, 53.42598295211792, 56.051265716552734, 56.983962297439575, 56.61826467514038, 56.93869638442993, 57.941489934921265","40.55292272567749, 36.63122200965881, 36.66689848899841, 41.582470655441284, 43.398951292037964, 48.27322840690613, 51.43932032585144, 56.022132396698, 58.171053409576416, 57.441771268844604","54.654719829559326, 55.095942735672, 56.21678137779236, 57.52339196205139, 58.42196536064148, 58.52729868888855, 58.36625266075134, 57.10100078582764, 56.461970806121826, 57.941489934921265"
dark sandstone,smooth silicon,"49.34120774269104, 48.83563542366028, 48.276570320129395, 47.808868169784546, 46.32788681983948, 43.67232871055603, 40.62810397148132, 37.26660490036011, 33.7822904586792, 30.694145917892456","49.34120774269104, 51.240978717803955, 52.218836307525635, 54.36590814590454, 56.33806252479553, 57.043177127838135, 55.70778226852417, 55.137502908706665, 56.695409536361694, 57.659109592437744","62.40744161605835, 58.719502210617065, 53.929221868515015, 49.123719453811646, 47.87955904006958, 48.10200905799866, 47.554824113845825, 35.601749420166016, 25.23116111755371, 30.694145917892456"
polished bamboo,dark nickel,"49.03093695640564, 55.321733236312866, 59.51283121109009, 59.17719292640686, 53.6868371963501, 47.61077165603638, 45.30838394165039, 47.122456073760986, 44.66142988204956, 31.53671431541443","49.03093695640564, 51.27554631233215, 53.94529604911804, 53.247400760650635, 53.31583881378174, 53.354180097579956, 54.015190839767456, 52.79825282096863, 53.585257053375244, 56.99191761016846","41.24115324020386, 43.61893177032471, 40.494256019592285, 35.24577355384827, 34.77161240577698, 32.83537817001343, 29.854958534240723, 29.602787017822266, 28.847556829452515, 31.53671431541443"
shiny plastic,smooth silicon,"57.116291999816895, 58.12702751159668, 57.2142333984375, 56.693426847457886, 55.760014057159424, 53.68917155265808, 52.19624853134155, 53.14842987060547, 54.75688433647156, 56.24430274963379","57.116291999816895, 59.78689622879028, 57.5261504650116, 57.99688363075256, 54.20943784713745, 50.72215700149536, 51.403321743011475, 52.61686587333679, 55.75230145454407, 57.88104200363159","56.51905584335327, 55.268704891204834, 53.51184821128845, 51.87296986579895, 48.92046356201172, 48.26832151412964, 47.81747341156006, 52.774362325668335, 55.14080500602722, 56.24430274963379"
smooth paint,smooth terracotta,"10.631285667419434, 11.048484563827515, 14.964983701705933, 20.329594612121582, 26.33775520324707, 30.86775779724121, 35.29579997062683, 38.16720700263977, 39.80829977989197, 40.81964063644409","10.631285667419434, 28.52144742012024, 40.69719576835632, 49.8811981678009, 58.392051696777344, 57.879709243774414, 56.06690454483032, 52.18876385688782, 59.601900815963745, 57.57218837738037","53.419814586639404, 52.63556456565857, 52.872660875320435, 51.88952422142029, 51.07687282562256, 51.759437561035156, 50.656991481781006, 47.67314648628235, 46.44041562080383, 40.81964063644409"
dark paint,blurry marble,"55.76404023170471, 43.470473289489746, 11.127687454223633, 63.64669179916382, 58.88968563079834, 57.79874396324158, 58.38637161254883, 61.41027569770813, 62.3963942527771, 59.88306760787964","55.76404023170471, 61.90557932853699, 60.272860527038574, 60.390095710754395, 60.44517636299133, 60.64475870132446, 60.453182220458984, 57.14571166038513, 51.64381766319275, 50.61961531639099","52.672621726989746, 55.92259502410889, 55.45052647590637, 54.071272134780884, 49.403207778930664, 45.81474328041077, 50.59701180458069, 54.69378662109375, 59.5304160118103, 59.88306760787964"
dark marble,dark marble,"56.80648136138916, 56.51404166221619, 55.5382444858551, 53.78188180923462, 49.623892068862915, 43.82142353057861, 30.210591077804565, 15.99210262298584, 14.329990863800049, 19.032487392425537","56.80648136138916, 56.39013051986694, 55.799320697784424, 55.614784479141235, 55.88026022911072, 56.29173469543457, 56.8078978061676, 57.23109149932861, 57.551517963409424, 57.74028539657593","42.00631046295166, 40.132564544677734, 37.731266498565674, 34.491506814956665, 31.849083185195923, 29.887704849243164, 27.16936230659485, 23.82364845275879, 20.924230575561523, 19.032487392425537"
smooth paint,shiny silicon,"21.188332557678223, 34.79204320907593, 43.25049138069153, 47.48636794090271, 45.756913900375366, 43.525132179260254, 43.38449311256409, 42.704299211502075, 43.86615800857544, 46.099454402923584","21.188332557678223, 39.108238697052, 47.24679398536682, 56.98399329185486, 57.74348592758179, 59.16299390792847, 58.191829204559326, 57.28792715072632, 56.14282560348511, 56.84645223617554","56.764657974243164, 56.98307704925537, 56.9921452999115, 54.30050730705261, 55.03890895843506, 54.3891224861145, 52.76289224624634, 48.61638784408569, 46.10154724121094, 46.099454402923584"
slick marble,smooth plastic,"27.123299598693848, 17.3591411113739, 7.911646842956543, 18.320926189422607, 23.147342443466187, 27.669838190078735, 32.68127751350403, 39.22137427330017, 43.188833713531494, 51.49011993408203","27.123299598693848, 25.800500631332397, 30.202100038528442, 40.541884660720825, 44.03952622413635, 49.98954129219055, 54.000407457351685, 57.10826134681702, 53.74701237678528, 56.83544063568115","59.22703790664673, 60.9644296169281, 59.74956250190735, 58.81679034233093, 57.913398027420044, 57.42406725883484, 56.304553270339966, 53.912702322006226, 47.0266969203949, 51.49011993408203"
dull paint,smooth silicon,"28.41672420501709, 22.98494005203247, 15.035615682601929, 7.201182126998901, 2.2449536323547363, 3.2128376960754395, 11.334637641906738, 25.936848163604736, 40.226407527923584, 45.705992460250854","28.41672420501709, 37.58719086647034, 40.090842962265015, 50.785762548446655, 60.69813585281372, 56.705979108810425, 59.21370053291321, 57.584970474243164, 55.39275336265564, 52.77501821517944","56.412012815475464, 56.51790380477905, 56.71753120422363, 54.2457070350647, 46.62077355384827, 44.99809169769287, 42.53149461746216, 35.07763075828552, 39.151474475860596, 45.705992460250854"
matte peridot,reflective graphite,"59.1825110912323, 57.69782567024231, 58.376134157180786, 58.67680215835571, 58.59248948097229, 58.48855495452881, 59.45774173736572, 59.832587003707886, 59.386971950531006, 59.60246706008911","59.1825110912323, 58.683573722839355, 56.80893015861511, 57.726309061050415, 59.51491117477417, 59.23914647102356, 60.703083753585815, 60.47355270385742, 61.641990661621094, 57.08197736740112","47.90000605583191, 50.99925184249878, 56.10305142402649, 59.84455132484436, 60.291619300842285, 60.53218388557434, 60.500447511672974, 59.525099754333496, 58.82842493057251, 59.60246706008911"
dark marble,matte sandpaper,"52.218135833740234, 57.10271239280701, 52.62581729888916, 34.29791021347046, 18.141005039215088, 13.353412389755249, 22.762515544891357, 41.85157012939453, 50.63926386833191, 55.43713426589966","52.218135833740234, 61.41074466705322, 60.46943664550781, 61.1902494430542, 61.49344444274902, 60.646947622299194, 61.08211302757263, 61.133437156677246, 60.756279945373535, 60.53724408149719","47.70382475852966, 48.65316891670227, 48.64643311500549, 50.28649592399597, 48.60288119316101, 43.00714731216431, 46.435386180877686, 46.27395558357239, 47.71467614173889, 55.43713426589966"
polished magnesium,dark marble,"54.662415504455566, 56.18538212776184, 58.898337841033936, 60.22813296318054, 30.26235580444336, 9.252449750900269, 21.49318265914917, 54.070711612701416, 57.325623512268066, 60.448442220687866","54.662415504455566, 59.96771001815796, 63.4124813079834, 63.06839942932129, 64.47184038162231, 59.459463357925415, 54.35738825798035, 57.53979969024658, 58.84557342529297, 60.09941387176514","55.38179564476013, 55.368101835250854, 54.785054445266724, 54.944005727767944, 56.61500144004822, 57.585007190704346, 58.259387493133545, 60.17087769508362, 59.900092363357544, 60.448442220687866"
matte coal,matte peridot,"61.097878217697144, 62.17449998855591, 49.48075270652771, 30.68204426765442, 21.17180633544922, 29.460772275924683, 40.63185977935791, 49.1498920917511, 55.017295598983765, 56.77818703651428","61.097878217697144, 60.74959111213684, 59.835947036743164, 59.17419123649597, 59.97413659095764, 60.45332384109497, 58.17394399642944, 53.5004997253418, 53.959327697753906, 55.51422309875488","53.00384330749512, 61.359750747680664, 59.71310114860535, 57.99576187133789, 56.05475044250488, 55.0291383266449, 55.90077567100525, 57.38702178001404, 57.84720015525818, 56.77818703651428"
dull paint,metallic nickel,"61.6921489238739, 61.84428095817566, 61.00249147415161, 59.80442523956299, 58.08208346366882, 56.0467963218689, 57.42955803871155, 59.124452352523804, 57.416815996170044, 57.38876128196716","61.6921489238739, 64.54309725761414, 66.9788224697113, 63.58398675918579, 62.791274547576904, 60.74542474746704, 59.547462940216064, 59.583211183547974, 58.335079193115234, 58.21697521209717","56.195302963256836, 58.99519729614258, 56.338119983673096, 57.59749388694763, 54.986486196517944, 43.98657584190369, 45.833154916763306, 50.95177602767944, 55.92827105522156, 57.38876128196716"
smooth silicon,dark marble,"24.16171669960022, 29.175379514694214, 38.10416102409363, 41.312304735183716, 42.89193868637085, 43.62862944602966, 44.723917722702026, 45.4657347202301, 46.585535526275635, 47.69638705253601","24.16171669960022, 34.16762590408325, 44.03337526321411, 50.041231632232666, 54.94907021522522, 60.11524486541748, 60.98199963569641, 58.01936411857605, 59.02878212928772, 58.672330141067505","52.86739706993103, 53.05800771713257, 54.20573711395264, 55.01626396179199, 54.81682515144348, 54.35507822036743, 52.70715403556824, 51.68301033973694, 49.345481634140015, 47.69638705253601"
dark garnet,slick marble,"58.97920370101929, 58.735613107681274, 58.40031719207764, 57.81295394897461, 57.28208661079407, 56.92413640022278, 56.733834743499756, 57.13126182556152, 57.46438765525818, 58.00034427642822","58.97920370101929, 59.65659785270691, 59.66648602485657, 59.48103070259094, 59.50678372383118, 60.020421266555786, 60.214391231536865, 60.84186005592346, 61.665547370910645, 59.67519664764404","55.78457546234131, 55.71576476097107, 56.10835814476013, 56.45915389060974, 56.62082505226135, 57.03675961494446, 57.62890672683716, 57.3814013004303, 57.34058332443237, 58.00034427642822"
reflective silicon,glossy silicon,"54.94188666343689, 55.27379369735718, 55.53679132461548, 55.790027141571045, 55.90038347244263, 56.03890895843506, 55.962780714035034, 55.73031830787659, 54.84856724739075, 54.47792196273804","54.94188666343689, 53.735254764556885, 52.30944538116455, 49.09314846992493, 48.53605389595032, 50.62784433364868, 51.045119524002075, 51.399649143218994, 51.67609763145447, 48.46425437927246","55.43257212638855, 56.4625678062439, 56.95320749282837, 57.43451714515686, 57.1888644695282, 56.31846618652344, 56.043017625808716, 56.101048946380615, 55.87738108634949, 54.47792196273804"
dull gold,glossy emerald,"26.437872409820557, 18.028178453445435, 27.698053121566772, 53.38176774978638, 65.63075995445251, 55.61293816566467, 62.56063437461853, 57.305126905441284, 58.01434397697449, 57.963013648986816","26.437872409820557, 32.81042838096619, 40.119434118270874, 45.49403500556946, 47.26416039466858, 48.12196063995361, 51.31700110435486, 52.41320466995239, 52.163360357284546, 51.49066686630249","53.74332618713379, 54.35287117958069, 55.51248049736023, 56.66021800041199, 56.9781858921051, 57.64956521987915, 58.50540471076965, 58.624412536621094, 58.0760772228241, 57.963013648986816"
smooth paint,smooth paint,"51.14245820045471, 52.473633766174316, 49.359781980514526, 52.31834411621094, 54.649327516555786, 45.16176438331604, 35.28081679344177, 29.987201929092407, 29.210538387298584, 32.74654507637024","51.14245820045471, 27.697639226913452, 43.15420198440552, 51.252617597579956, 58.6695339679718, 56.20929145812988, 59.93313527107239, 60.793052196502686, 61.304590463638306, 60.354013442993164","51.10374593734741, 53.69116830825806, 47.33784604072571, 47.679948806762695, 47.810115814208984, 48.160813093185425, 46.65084171295166, 38.525655031204224, 32.114891052246094, 32.74654507637024"
polished emerald,reflective graphite,"31.04801106452942, 24.04782462120056, 16.368432998657227, 14.769129514694214, 22.815383911132812, 35.844542503356934, 42.85894012451172, 49.113038063049316, 54.543092489242554, 58.87127089500427","31.04801106452942, 35.24906039237976, 48.59892010688782, 54.204750537872314, 54.45615315437317, 57.38734769821167, 56.47040581703186, 54.991164445877075, 57.482093334198, 59.797739028930664","48.15772819519043, 50.77592086791992, 55.759793758392334, 60.72959923744202, 59.451605796813965, 58.80871367454529, 59.07066106796265, 60.435893058776855, 60.4143602848053, 58.87127089500427"
slick marble,dull paint,"56.47148013114929, 64.39079117774963, 40.56446409225464, 25.44632625579834, 17.8539297580719, 25.76063847541809, 50.13669276237488, 55.450525999069214, 60.412962436676025, 59.55736017227173","56.47148013114929, 58.71726870536804, 58.72748374938965, 58.82627558708191, 59.28948760032654, 56.40003538131714, 52.1101450920105, 45.38887357711792, 51.34456396102905, 56.31832313537598","57.86137890815735, 56.87755036354065, 58.99451446533203, 59.459264039993286, 57.29879069328308, 62.52072238922119, 57.63579797744751, 49.28422498703003, 42.62204551696777, 59.55736017227173"
smooth paint,shiny plastic,"44.17307639122009, 43.65273642539978, 49.00880813598633, 44.30019950866699, 41.65699648857117, 42.64260411262512, 40.94352388381958, 40.26961708068848, 36.91913390159607, 27.68427085876465","44.17307639122009, 44.68165683746338, 46.201091051101685, 49.31924843788147, 52.45811080932617, 54.08938217163086, 54.317190170288086, 53.09239459037781, 52.47285985946655, 51.78516626358032","46.05621361732483, 45.040555477142334, 44.08959412574768, 43.18877673149109, 42.81183195114136, 41.83966255187988, 39.313552379608154, 36.08765769004822, 32.29671382904053, 27.68427085876465"
dark asphalt,dark garnet,"60.37363934516907, 60.684526443481445, 59.525660037994385, 61.533793926239014, 57.49238872528076, 36.316110134124756, 7.533291339874268, 15.162679195404053, 30.63750195503235, 43.61782097816467","60.37363934516907, 60.392730712890625, 60.49535155296326, 60.68500113487244, 60.819478273391724, 61.103949785232544, 60.95662260055542, 60.55340242385864, 60.230570793151855, 60.348798990249634","58.189778089523315, 57.89174842834473, 56.24463152885437, 54.43466877937317, 55.02959895133972, 57.28857207298279, 57.80351257324219, 54.75525093078613, 49.62846040725708, 43.61782097816467"
dull glass,shiny plastic,"39.828715562820435, 20.832868099212646, 15.316201210021973, 17.37822699546814, 19.36113452911377, 22.748759746551514, 28.456732511520386, 35.60478496551514, 37.80347561836243, 40.917093992233276","39.828715562820435, 30.042579889297485, 28.154767274856567, 42.34041357040405, 44.94814610481262, 45.72834324836731, 49.74222016334534, 50.20339608192444, 49.09486269950867, 50.301342487335205","50.533756256103516, 48.981619358062744, 47.863821029663086, 47.087355852127075, 46.77628946304321, 45.89308786392212, 45.507214069366455, 44.466116428375244, 38.41877555847168, 40.917093992233276"
glossy emerald,slick marble,"49.44871163368225, 48.993056535720825, 51.59873604774475, 54.94571399688721, 53.32892084121704, 50.33411741256714, 46.55203890800476, 44.34076642990112, 42.16659235954285, 40.76101994514465","49.44871163368225, 43.69602680206299, 52.077481508255005, 54.61668252944946, 54.12380313873291, 59.44924783706665, 59.60952353477478, 58.44837546348572, 57.9714994430542, 59.52673029899597","57.518272161483765, 54.007545948028564, 52.59805512428284, 49.37397050857544, 46.41828107833862, 40.02221870422363, 36.281758069992065, 34.93234133720398, 37.002243995666504, 40.76101994514465"
blurry gold,smooth paint,"41.17926740646362, 40.73623180389404, 40.552120208740234, 43.05496072769165, 39.4712028503418, 53.98918890953064, 60.76970672607422, 61.28754758834839, 62.75577473640442, 55.511112213134766","41.17926740646362, 47.118802309036255, 50.90259885787964, 53.96990728378296, 55.74002003669739, 58.41954684257507, 59.3661367893219, 57.372400522232056, 56.63192176818848, 54.829198360443115","51.9851975440979, 52.2490336894989, 43.73074197769165, 47.971200466156006, 55.28890633583069, 59.26858878135681, 61.268632650375366, 60.80467438697815, 57.039461612701416, 55.511112213134766"
smooth silicon,smooth sandstone,"55.70852756500244, 54.93696975708008, 54.20289206504822, 53.586143016815186, 53.025251626968384, 52.521854639053345, 51.74555993080139, 50.014259338378906, 45.957826375961304, 27.89344882965088","55.70852756500244, 55.4631769657135, 55.435935974121094, 55.29771447181702, 54.41851329803467, 53.559014558792114, 51.76930618286133, 49.78306460380554, 48.825181007385254, 49.92495942115784","43.094876527786255, 41.038052558898926, 38.815001249313354, 37.50602865219116, 37.14057803153992, 36.86104869842529, 36.38280272483826, 35.42794847488403, 31.384586095809937, 27.89344882965088"
matte cobblestone,slick marble,"42.29629421234131, 46.51777720451355, 41.950284481048584, 24.333334922790527, 19.69684410095215, 23.118385553359985, 25.63350749015808, 28.645369291305542, 39.42638278007507, 50.48618221282959","42.29629421234131, 60.11215162277222, 60.00689220428467, 60.68234872817993, 60.60406970977783, 58.78997445106506, 56.889917612075806, 56.67845940589905, 57.72402095794678, 58.543967962265015","54.92818999290466, 56.299455881118774, 55.076287508010864, 53.1555655002594, 54.829320669174194, 54.772066593170166, 50.70712471008301, 49.261961936950684, 50.031214475631714, 50.48618221282959"
matte cobblestone,slick marble,"59.93749952316284, 53.354878425598145, 46.32065725326538, 37.41102194786072, 24.68594980239868, 34.31967902183533, 53.5467312335968, 61.28439402580261, 62.015201807022095, 61.954161167144775","59.93749952316284, 60.57587218284607, 57.9019718170166, 59.2158989906311, 61.3326518535614, 45.49503993988037, 46.15862417221069, 46.79719519615173, 49.79297709465027, 56.096680879592896","58.117185831069946, 56.835296630859375, 55.96561074256897, 55.635310888290405, 55.05727958679199, 51.670366525650024, 49.37913107872009, 49.85710048675537, 50.52209758758545, 61.954161167144775"
slick marble,light sandpaper,"57.48420977592468, 56.29210591316223, 56.62248516082764, 59.4168062210083, 57.31984829902649, 58.6367084980011, 57.96626353263855, 60.91743183135986, 61.014729261398315, 58.962310791015625","57.48420977592468, 52.88855290412903, 50.873353242874146, 50.90487551689148, 47.134790658950806, 40.880884885787964, 45.987096071243286, 57.52831745147705, 59.15849161148071, 58.42980074882507","58.68127918243408, 57.71193552017212, 55.32162618637085, 58.03810167312622, 59.45057916641235, 65.49233293533325, 63.19760036468506, 57.13525652885437, 60.28521275520325, 58.962310791015625"
smooth terracotta,light emerald,"32.99940776824951, 38.99970984458923, 43.61855864524841, 45.62291216850281, 45.626303911209106, 44.68571877479553, 43.38099431991577, 41.95430874824524, 40.27333617210388, 38.21649169921875","32.99940776824951, 33.746946573257446, 41.122626543045044, 47.57708525657654, 50.902275800704956, 51.75789737701416, 54.2331907749176, 54.348464012145996, 55.36020565032959, 55.76938438415527","57.569464683532715, 60.743841886520386, 60.36242938041687, 60.56989932060242, 59.81582760810852, 58.502782344818115, 61.831591844558716, 58.97282123565674, 56.26085662841797, 38.21649169921875"
shiny silicon,slick marble,"45.067591190338135, 36.13083100318909, 19.547000408172607, 36.82765984535217, 54.45689058303833, 56.69643592834473, 58.19657516479492, 58.97169375419617, 54.997366189956665, 50.72634267807007","45.067591190338135, 52.416112184524536, 44.17468500137329, 41.34167408943176, 45.81172776222229, 49.15317749977112, 55.16715908050537, 57.27165722846985, 56.49174356460571, 58.8808753490448","48.86150050163269, 54.10759782791138, 54.78757882118225, 53.25832509994507, 56.96477270126343, 59.52841663360596, 58.32384514808655, 59.275195598602295, 51.594897508621216, 50.72634267807007"
polished bamboo,reflective graphite,"36.81172776222229, 39.72784733772278, 44.77105116844177, 51.16527342796326, 57.15514063835144, 58.67229652404785, 54.0885009765625, 50.99077796936035, 48.38062524795532, 48.85433864593506","36.81172776222229, 47.737711906433105, 53.765854597091675, 56.836114168167114, 57.5098819732666, 57.15276646614075, 60.38640880584717, 61.591495990753174, 61.123510122299194, 58.750123500823975","59.13597750663757, 61.71945381164551, 61.6239812374115, 59.86474633216858, 54.781765937805176, 46.156500577926636, 38.36218547821045, 35.511913776397705, 42.38852906227112, 48.85433864593506"
smooth marble,smooth marble,"40.271244049072266, 54.955623149871826, 62.36187195777893, 58.88753318786621, 57.18514966964722, 58.01997685432434, 57.68983578681946, 56.592167139053345, 55.28663110733032, 56.415345430374146","40.271244049072266, 37.28436088562012, 55.9115195274353, 58.22245168685913, 59.026161193847656, 58.46462917327881, 59.999882221221924, 58.99537897109985, 57.167970418930054, 57.184473752975464","49.620458126068115, 52.61171245574951, 54.038464069366455, 55.14995527267456, 54.73812007904053, 54.60187292098999, 54.45207691192627, 54.47235298156738, 55.58941435813904, 56.415345430374146"
slick marble,matte coal,"57.68548846244812, 57.563788414001465, 56.83669638633728, 57.010413646698, 58.7194550037384, 59.87446427345276, 61.253843784332275, 61.47168326377869, 60.869205713272095, 61.190104722976685","57.68548846244812, 60.59329891204834, 63.239177227020264, 63.90902519226074, 62.0658483505249, 61.57883095741272, 60.054368019104004, 57.63642954826355, 57.040157318115234, 58.325523376464844","49.49707365036011, 49.601181745529175, 43.20701575279236, 36.87421488761902, 24.98141884803772, 27.759429931640625, 51.12702393531799, 58.592862606048584, 60.45777344703674, 61.190104722976685"
smooth plastic,reflective graphite,"47.423646450042725, 44.79877543449402, 38.77125549316406, 28.5364727973938, 31.95397424697876, 57.40628218650818, 59.9299213886261, 57.79857063293457, 57.27855825424194, 59.909590005874634","47.423646450042725, 51.79023551940918, 51.32959842681885, 50.74694347381592, 49.62540626525879, 48.8501718044281, 48.85084056854248, 50.95168662071228, 55.10351586341858, 55.85043501853943","48.22149038314819, 54.44951677322388, 54.338340282440186, 55.4895076751709, 55.737131118774414, 56.841002225875854, 57.396164417266846, 57.75305438041687, 58.76586174964905, 59.909590005874634"
dark sandstone,smooth silicon,"61.693984508514404, 63.41041159629822, 53.780473709106445, 52.329676151275635, 42.29613900184631, 10.654234409332275, 27.71098017692566, 44.63516688346863, 40.71441173553467, 48.2249321937561","61.693984508514404, 59.339211225509644, 55.82047915458679, 49.61068511009216, 44.56048512458801, 46.87483286857605, 45.750946283340454, 56.77032494544983, 63.616267919540405, 58.06906843185425","57.96419668197632, 60.07990050315857, 60.04185605049133, 45.40344786643982, 34.64443278312683, 41.07296872138977, 57.09271311759949, 57.814141511917114, 49.12399506568909, 48.2249321937561"
dark marble,matte cobblestone,"59.965359926223755, 60.84463572502136, 61.52998638153076, 60.783015966415405, 59.730223178863525, 58.275054931640625, 56.60038232803345, 55.74130344390869, 55.274075984954834, 55.00284004211426","59.965359926223755, 60.76127338409424, 59.234424352645874, 59.4511456489563, 59.35086226463318, 59.2663779258728, 57.931230306625366, 55.6256046295166, 53.664823055267334, 50.381389141082764","44.36817479133606, 43.173429012298584, 51.340638399124146, 48.86991262435913, 52.96283459663391, 60.74778079986572, 62.04489731788635, 61.0426869392395, 57.13706064224243, 55.00284004211426"
dull paint,cloudy sandpaper,"59.36599516868591, 58.293318033218384, 57.49289536476135, 57.5982141494751, 58.793057918548584, 60.49636244773865, 61.65876317024231, 61.825045347213745, 61.14296817779541, 59.2165949344635","59.36599516868591, 58.03261852264404, 59.34841537475586, 56.10423731803894, 60.374892473220825, 62.922856092453, 60.612956523895264, 61.36456322669983, 58.88427734375, 52.63660979270935","62.30150771141052, 57.10322666168213, 61.98540544509888, 62.817525148391724, 48.6051070690155, 41.92896580696106, 34.789095401763916, 30.507017850875854, 47.66975736618042, 59.2165949344635"
slick marble,coarse ruby,"60.77620220184326, 63.20522403717041, 63.16002702713013, 63.248046875, 58.33815336227417, 55.50144672393799, 53.94807028770447, 50.83531713485718, 50.100980281829834, 41.68910312652588","60.77620220184326, 59.17189311981201, 56.090656042099, 54.782501220703125, 56.46399116516113, 57.24730396270752, 53.95892930030823, 44.66549491882324, 39.09559774398804, 35.157018423080444","56.11737656593323, 57.55836606025696, 62.052199840545654, 61.789963483810425, 59.81373047828674, 56.604692220687866, 50.20783567428589, 48.62559676170349, 41.048091650009155, 41.68910312652588"
polished paint,smooth marble,"23.67436957359314, 23.24952793121338, 24.01249051094055, 24.651014804840088, 25.09541606903076, 25.343162536621094, 25.778228998184204, 27.31626605987549, 30.422512769699097, 36.3982036113739","23.67436957359314, 38.36404228210449, 50.282280921936035, 55.794739723205566, 57.84357237815857, 59.9948251247406, 59.49216628074646, 57.92350769042969, 59.05531454086304, 61.510621786117554","55.27515530586243, 47.71589517593384, 39.58185529708862, 34.427993297576904, 23.55159640312195, 19.4188711643219, 21.128356218338013, 23.245028972625732, 28.339747428894043, 36.3982036113739"
slick marble,smooth marble,"59.65305781364441, 61.1808967590332, 61.45445680618286, 61.32013559341431, 59.87877559661865, 58.82594704627991, 57.123873472213745, 54.8760621547699, 53.91416692733765, 53.99997639656067","59.65305781364441, 61.047977924346924, 59.70723581314087, 62.602635860443115, 60.895853757858276, 61.04364371299744, 59.938804626464844, 59.50767469406128, 59.5352668762207, 59.053229331970215","50.52787256240845, 54.86171364784241, 57.44433903694153, 48.04284691810608, 41.571199893951416, 45.57473611831665, 51.94790291786194, 52.7861692905426, 54.11817193031311, 53.99997639656067"
dull paint,smooth paint,"43.723472356796265, 47.53539156913757, 50.88569784164429, 52.22326374053955, 52.94723582267761, 51.99879574775696, 53.79110813140869, 56.04552912712097, 54.58143711090088, 53.21316599845886","43.723472356796265, 39.04360914230347, 43.5168080329895, 51.95801877975464, 57.30374884605408, 61.5003764629364, 63.14024090766907, 57.06781363487244, 54.63456845283508, 59.623579025268555","59.672935485839844, 60.88333868980408, 60.85334324836731, 59.90000891685486, 61.219024658203125, 56.767245292663574, 45.43782138824463, 40.05885362625122, 44.54352617263794, 53.21316599845886"
light marble,reflective marble,"51.87140154838562, 55.22182273864746, 54.46935749053955, 55.01831650733948, 56.127609968185425, 54.5591676235199, 54.83571815490723, 55.89803719520569, 58.0647497177124, 59.660330057144165","51.87140154838562, 52.65747833251953, 52.57223653793335, 53.642754316329956, 53.8464093208313, 53.858686208724976, 54.178651571273804, 55.85930848121643, 58.054407835006714, 59.33453059196472","53.43684935569763, 54.1154203414917, 54.098527908325195, 54.55730414390564, 54.6467981338501, 55.34041428565979, 56.22822976112366, 57.74826121330261, 58.97557234764099, 59.660330057144165"
polished plastic,smooth silicon,"43.12714338302612, 37.853755712509155, 29.313456535339355, 29.291661024093628, 52.48602223396301, 55.25031638145447, 54.55818796157837, 51.78923511505127, 52.61321759223938, 55.656479597091675","43.12714338302612, 53.75797080993652, 49.88693141937256, 50.753708600997925, 50.82376050949097, 50.55321526527405, 53.0095157623291, 59.018261432647705, 58.8089439868927, 54.08162546157837","48.131969690322876, 53.05995583534241, 56.75488638877869, 55.825429916381836, 55.28792691230774, 50.53353929519653, 46.949726819992065, 45.86151099205017, 52.42952919006348, 55.656479597091675"
smooth sandstone,smooth paint,"57.46646165847778, 53.562516927719116, 48.712223529815674, 41.13602304458618, 37.36873984336853, 37.096439838409424, 38.22509741783142, 41.52586245536804, 49.02117109298706, 53.63329482078552","57.46646165847778, 57.49943780899048, 55.45251131057739, 46.784730195999146, 46.94777798652649, 52.05924987792969, 47.254931926727295, 45.180551052093506, 45.96743059158325, 50.80069947242737","55.58224153518677, 54.54793357849121, 52.67187833786011, 47.88316798210144, 45.123390436172485, 46.48621940612793, 48.49876117706299, 51.37058639526367, 55.639854431152344, 53.63329482078552"
smooth silicon,dark nickel,"56.2433876991272, 61.25264024734497, 59.68597340583801, 59.63732385635376, 58.14995312690735, 60.40272808074951, 65.96193623542786, 47.428954124450684, 29.710317373275757, 18.619677305221558","56.2433876991272, 59.359042167663574, 60.23064994812012, 58.76770567893982, 57.773462533950806, 55.27484130859375, 55.08762812614441, 50.50883913040161, 39.77851986885071, 41.31924629211426","56.84551739692688, 62.99183917045593, 65.33466362953186, 66.7204008102417, 63.6637659072876, 61.12213683128357, 57.902939319610596, 56.3321807384491, 33.250744342803955, 18.619677305221558"
smooth paint,smooth silicon,"62.15896940231323, 59.04937696456909, 56.186920404434204, 62.05037450790405, 70.55680704116821, 63.30690121650696, 50.48258972167969, 38.27755379676819, 30.265437364578247, 26.998538494110107","62.15896940231323, 61.768022537231445, 37.523473501205444, 22.471903562545776, 23.687049627304077, 40.271573305130005, 67.20605683326721, 63.013967990875244, 44.86695861816406, 61.071455240249634","58.77384543418884, 59.90908122062683, 53.260212421417236, 55.58362054824829, 59.96268129348755, 59.38656949996948, 60.347782135009766, 57.77521347999573, 49.20279622077942, 26.998538494110107"
slick marble,dull paint,"58.82173204421997, 60.54724645614624, 58.3169801235199, 44.24656820297241, 36.000332832336426, 33.680042028427124, 32.78871488571167, 24.74144411087036, 17.956425189971924, 16.652403116226196","58.82173204421997, 57.75674605369568, 54.80065679550171, 53.39677619934082, 53.78716063499451, 52.30294895172119, 51.60197067260742, 47.69611954689026, 51.562506914138794, 53.423967361450195","57.050315618515015, 58.39903545379639, 60.11230254173279, 61.48512053489685, 59.626405239105225, 58.02307486534119, 56.28197264671326, 50.91458034515381, 42.836650371551514, 16.652403116226196"
